{"settings": {"seed": 1, "logdir": "results", "num_workers": 4, "n_test_rays": 15, "eval_every": 5, "train_eval_every": 5, "checkpoint_every": 0, "use_scheduler": false, "scheduler_gamma": 0.1, "scheduler_milestones": [20, 40, 80, 90], "num_starts": 1, "lr": 0.001, "batch_size": 256, "epochs": 50, "reference_point": [1.0, 1.0], "mtl": true, "tabular": true, "method": "argmo", "lamda": 0.01, "alpha": 0.5, "n_particles": 15, "p_lr": 0.0005, "rv_method": "hv", "warm": 1, "num_rv_adp": 1, "width": 0.01, "verbose": true, "dataset": "adult", "dim": [88], "arch": [60, 25]}, "num_parameters": 10521, "start_0": {"epoch_4": {"scores": [[0.3109191220198105, 0.09456956292043871], [0.31851187859898183, 0.07424207090108252], [0.3103319129614688, 0.09681419911446856], [0.3152592223304421, 0.08183552107926625], [0.3091176800541024, 0.1093683369012911], [0.3091088907042546, 0.10290178573176043], [0.3484505211461836, 0.03255180570422046], [0.30928435476858224, 0.10193979879146192], [0.33298185045149786, 0.04834171775172451], [0.380147123625919, 0.016722747868399567], [0.34014841035675647, 0.040558368871127494], [0.3092752010075014, 0.10989305705054482], [0.30889933256071006, 0.10581190033412691], [0.4296698276676349, 0.01034365005360277], [0.3093453203119449, 0.11000966152815676]], "hv": 0.6807034982515229}, "epoch_9": {"scores": [[0.304061377115214, 0.0891524520494155], [0.312746281610496, 0.07085554371240424], [0.3029455314598866, 0.09232492672640887], [0.30758450124690784, 0.0811991937903326], [0.30025333866699416, 0.10689548908996938], [0.301141790934463, 0.09818430172640887], [0.353083290270905, 0.01726662446814242], [0.3017316566251997, 0.09626032784581184], [0.321991339993121, 0.0515141924426182], [0.4345010051976389, 0.010537713223984882], [0.33302911582277783, 0.034436633796500624], [0.30039955230791177, 0.10838219617952162], [0.300467667294972, 0.10176489207504401], [0.5668790803026797, 0.011767057569892103], [0.3005777745326953, 0.1091984275228052]], "hv": 0.6893649976294232}, "epoch_14": {"scores": [[0.3014241317982104, 0.08556186702491632], [0.30850388943704204, 0.07295442430941916], [0.29985501583832413, 0.08917660583088648], [0.304775280182931, 0.07963003065270274], [0.29612029910977206, 0.10034148456222976], [0.2976654404357298, 0.09494852747267751], [0.3456285867228437, 0.020546541844647544], [0.298552835054362, 0.09299540247267751], [0.31517442682785773, 0.06189199095008088], [0.4423602937317606, 0.011976112740169933], [0.32697501011304003, 0.04222498001502966], [0.29610971361398697, 0.10127432038312528], [0.29671882904732405, 0.09786363941297602], [0.6017927925533323, 0.014196595149253732], [0.2962172043634884, 0.10176988941297602]], "hv": 0.6921370845084437}, "epoch_19": {"scores": [[0.29978552861000174, 0.08091184702604565], [0.30927828766071974, 0.06288729346732595], [0.2980277527179291, 0.08551772389171729], [0.3033731196131279, 0.0735657649364934], [0.29563827912754087, 0.10116687767318826], [0.2959146114872463, 0.09271305304632257], [0.35884022023250806, 0.012490838223984882], [0.2968045347439709, 0.08930736941410534], [0.32035101549838907, 0.04406566498106095], [0.4687488492745072, 0.013351212686567164], [0.3374117813003597, 0.0222173174426182], [0.2961269292368818, 0.10264858742480848], [0.29539197305245185, 0.09661930304632257], [0.6285035470083579, 0.01328791311330426], [0.29683952934261576, 0.10445095948986154]], "hv": 0.6935579289022944}, "epoch_24": {"scores": [[0.2899184751866469, 0.09794109809532095], [0.2937741319635021, 0.08833622070613192], [0.28920641886209375, 0.1009386660558964], [0.2915077216144818, 0.09310700961235743], [0.28823238622341585, 0.11002881797169571], [0.28845623002123477, 0.10516557836932923], [0.3338416794787592, 0.024112140203812228], [0.2887715898565392, 0.1032707556081352], [0.2986985739709726, 0.07956673110376543], [0.44149996318034274, 0.013720182569892103], [0.3119881775841784, 0.055823560776327975], [0.28834621841782954, 0.11139892058363601], [0.28825040028166415, 0.10734691498662109], [0.6108645129559646, 0.015625], [0.2886081907286573, 0.11282732543438229]], "hv": 0.6982559698525063}, "epoch_29": {"scores": [[0.2960962726553874, 0.07661747070613192], [0.3056784178783645, 0.0622509661783923], [0.2938687081879644, 0.08061117406434087], [0.3000050901032206, 0.0696212020494155], [0.2887490348362211, 0.09333022389171729], [0.2908971237380113, 0.08661130732342379], [0.3631455380080351, 0.012180170575990829], [0.292227791205271, 0.08413845951210207], [0.3173705918797806, 0.043536780388163984], [0.4532521387089544, 0.01788379531353712], [0.3358065644974139, 0.019929371002727923], [0.2883779770180361, 0.09496268657828445], [0.2896924126726478, 0.09012859809532095], [0.5800007216965974, 0.01843266924426182], [0.2882672192445442, 0.09665345150365759]], "hv": 0.70053052858976}, "epoch_34": {"scores": [[0.2885049872878772, 0.08448744003674877], [0.3005196958113073, 0.06442230811982012], [0.2866500751740897, 0.08810217884271893], [0.2925544599098946, 0.07782182836932923], [0.2833517474025043, 0.1016183036254413], [0.28442109832123147, 0.09500599680329437], [0.3710025090779831, 0.01229677505360277], [0.28535537755311424, 0.09185767590777198], [0.31288879587134316, 0.04598464155152662], [0.45305479195580556, 0.018185301173005753], [0.33524445477706283, 0.01682935767709764], [0.28338792564263987, 0.10412529989409802], [0.28371244535517337, 0.09812516657941377], [0.5734455323041375, 0.018384361674369715], [0.28383980179900553, 0.10680720287917266]], "hv": 0.7050476630760625}, "epoch_39": {"scores": [[0.2880584090503294, 0.07999983342336629], [0.30988761182151625, 0.046554337686567165], [0.2854825282719598, 0.08462986408440924], [0.2974984029780573, 0.06364605543829167], [0.28058371559452655, 0.09709654851302282], [0.28244915671312987, 0.09103811301513394], [0.39977057611764366, 0.013681036781575253], [0.28377547949107723, 0.08786563833814058], [0.32687001953374095, 0.028422341417910446], [0.47318688212935606, 0.018247767865880213], [0.3614184884215469, 0.010770922179208763], [0.28005263998882096, 0.09969099813988849], [0.28141883149075864, 0.09406982943304439], [0.5794675387998125, 0.019268057044984688], [0.2797323221813387, 0.10184818097570938]], "hv": 0.7093209807899448}, "epoch_44": {"scores": [[0.28378006404460365, 0.08033881931384998], [0.3064348867802478, 0.0451442563989714], [0.281487921058242, 0.08564432304519326], [0.29268191721457154, 0.06618136995986326], [0.2782116961568149, 0.099743470160374], [0.27919790493463403, 0.09385494404097101], [0.4140386957286009, 0.016815198561065454], [0.2800805123884286, 0.09007029585651498], [0.32778691333621296, 0.023121002144110735], [0.4863468032719484, 0.017830490405713], [0.3637507751361648, 0.012209321695393812], [0.2782057177887034, 0.10256113406659952], [0.2785742200577437, 0.0966243003842546], [0.598341124271279, 0.01882162846541449], [0.27865543372150675, 0.10553454824570399]], "hv": 0.7101023666411138}, "epoch_49": {"scores": [[0.2813628829682051, 0.08438083023500087], [0.3010683048572113, 0.05617753866670737], [0.2790155844457114, 0.08903501466361445], [0.2865390772027756, 0.0757570962296493], [0.27520893725441464, 0.1018032049621219], [0.27648665077650725, 0.09646855011137563], [0.40224516525197385, 0.013701026119402986], [0.2775113323508804, 0.09323277585764429], [0.32749663771533255, 0.018986540512918537], [0.4713758212416919, 0.018068696695393814], [0.3606023870742143, 0.010047141525115984], [0.27495051542324805, 0.1037563299621219], [0.2757536473114099, 0.09912130197704729], [0.5693595333775477, 0.018967384062429416], [0.2749902841760151, 0.10652568630540549]], "hv": 0.7143716509711465}}}