{"settings": {"seed": 1, "logdir": "results", "num_workers": 4, "n_test_rays": 15, "eval_every": 5, "train_eval_every": 1, "checkpoint_every": 0, "use_scheduler": true, "scheduler_gamma": 0.1, "scheduler_milestones": [20, 40, 80, 90], "num_starts": 1, "lr": 0.001, "batch_size": 512, "epochs": 100, "reference_point": [1.0, 1.0], "mtl": true, "tabular": false, "explicit": false, "clip": null, "method": "particle", "n_particles": 15, "normalization_type": "loss+", "alpha2": 0.05, "beta": 0.001, "G_type": "gaussian", "gamma": 0.001, "M": 1.0, "width": 1.0, "dataset": "multi_mnist", "dim": [1, 36, 36], "lamda": 2, "alpha": 1.2}, "num_parameters": 635250, "start_0": {"epoch_0": {"lr": 0.001, "scores": [[0.8863066850115338, 0.9825284757885323], [1.4387544399189158, 1.7737724419453698], [0.7872691832447504, 0.8796141689987544], [0.8857856844838762, 0.9503269545839861], [0.688834504493605, 0.7536191002452542], [0.690506757153154, 0.7612420809212455], [1.0502051900348393, 1.1522549995313889], [1.0145819915979395, 1.1088682271857961], [0.7110453993788263, 0.743159763620928], [0.6675558669307221, 0.7825638507779741], [0.7868532668357777, 0.8701082583852289], [0.9710177581457166, 1.0462707916707223], [0.750701602036354, 0.8533729388250559], [1.3921573919142591, 1.316911657274617], [1.2198469345038536, 1.4010125833665026]], "hv": 0.08431425320490593, "max_epoch_so_far": 0, "max_volume_so_far": 0.08431425320490593, "training_time_so_far": 62.680909633636475}, "epoch_1": {"lr": 0.001, "scores": [[0.643303159571372, 0.7515510340437505], [0.7859872263189741, 0.9353084504886826], [0.5834565298252196, 0.6415950791530699], [0.5844248167428925, 0.6509918064867716], [0.49702917936288915, 0.5601145276243653], [0.5339703335298747, 0.6033995409994893], [0.6776055583456682, 0.7539341720924558], [0.6800404354859303, 0.7427323115945428], [0.5089385787740138, 0.5663209098492753], [0.47484128593833524, 0.546707906711723], [0.5648623716209737, 0.6424235950149066], [0.6732614531901211, 0.730636848657617], [0.5386435537824134, 0.6153258206720036], [0.7355719098547624, 0.831955354078121], [0.8107802455459161, 0.8883149629520579]], "hv": 0.2380502928055917, "max_epoch_so_far": 1, "max_volume_so_far": 0.2380502928055917, "training_time_so_far": 121.19540309906006}, "epoch_2": {"lr": 0.001, "scores": [[0.5462510965729211, 0.6513503713630387], [0.6548956338828209, 0.7638713242883366], [0.49061161378548607, 0.539314908297706], [0.5075352666502315, 0.5362509205160548], [0.427691131547729, 0.468860332858506], [0.4840152071550559, 0.5291869462383867], [0.5476183159656435, 0.6243188621308566], [0.5437508166118821, 0.6186577465861894], [0.4487022428433477, 0.4692105824630972], [0.4099989145005484, 0.4637462217095904], [0.4938450246625602, 0.5393721568640939], [0.5580418533623501, 0.5996823717632564], [0.4690346041279381, 0.5320863088160329], [0.5810837833237309, 0.6497031215807838], [0.6763281121638149, 0.7389937328501335]], "hv": 0.3163903112945239, "max_epoch_so_far": 2, "max_volume_so_far": 0.3163903112945239, "training_time_so_far": 178.38778114318848}, "epoch_3": {"lr": 0.001, "scores": [[0.49069155463110214, 0.566060017635472], [0.5704970300480088, 0.6564647657046386], [0.4440041722562076, 0.48671623697213084], [0.4522485560715481, 0.4994570023923124], [0.36811233696779366, 0.4188631525819336], [0.4523110748467287, 0.5275869373744133], [0.4707081716207531, 0.5294310115807429], [0.47519820716708755, 0.5439613563189575], [0.4158382278765547, 0.45254299807322534], [0.38452055005100666, 0.4816915606152955], [0.4257644621116855, 0.4956683982605053], [0.4915551313009307, 0.5618306158278226], [0.45395188563242905, 0.643905201229439], [0.5175554104043409, 0.6181757921856161], [0.6232322736938983, 0.6471373656349725]], "hv": 0.3672132044169059, "max_epoch_so_far": 3, "max_volume_so_far": 0.3672132044169059, "training_time_so_far": 236.0558145046234}, "epoch_4": {"lr": 0.001, "scores": [[0.45079984865482386, 0.5233948876224988], [0.505762947114158, 0.6012907824810082], [0.3855413356663491, 0.433851551811842], [0.39873063465430275, 0.46653512120246887], [0.34582470569282914, 0.3917780122344528], [0.4128669515887708, 0.46906884473646987], [0.4361996335723389, 0.47696480663466795], [0.4417739462513494, 0.5118571795275991], [0.38921740185028003, 0.400821441016491], [0.3381431366171317, 0.37686475475817494], [0.4051240537121398, 0.45030093207178523], [0.4599960661047443, 0.5405706534453478], [0.4035792093706357, 0.4754157622843557], [0.475671813103825, 0.5458716052403382], [0.5662874764458263, 0.5846797015994646]], "hv": 0.41242633887906877, "max_epoch_so_far": 4, "max_volume_so_far": 0.41242633887906877, "training_time_so_far": 293.78384256362915}}}