{"settings": {"seed": 1, "logdir": "results", "num_workers": 4, "n_test_rays": 25, "eval_every": 5, "train_eval_every": 5, "checkpoint_every": 10, "use_scheduler": false, "scheduler_gamma": 0.1, "scheduler_milestones": [20, 40, 80, 90], "num_starts": 1, "lr": 0.001, "batch_size": 256, "epochs": 50, "reference_point": [0, 0], "mtl": false, "tabular": true, "method": "cosmos", "lamda": 1.0, "alpha": 1.0, "dataset": "mslr", "dim": [131], "arch": [32], "k_ndcg": 10}, "num_parameters": 4321, "start_0": {"epoch_4": {"scores": [[4.589119613170624, 4.588669002056122], [4.589124997456868, 4.5886609355608625], [4.589130342006683, 4.588653862476349], [4.589135408401489, 4.588647365570068], [4.5891404549280805, 4.5886416633923846], [4.589145402113597, 4.588636219501495], [4.589150091012319, 4.588631312052409], [4.589154819647471, 4.588626782099406], [4.589159528414409, 4.588622470696767], [4.589164157708486, 4.588618437449138], [4.589168866475423, 4.588614662488301], [4.58917357524236, 4.5886110663414], [4.589178502559662, 4.588607649008433], [4.589183370272319, 4.588604350884755], [4.589188575744629, 4.588601171970367], [4.589193662007649, 4.588598231474559], [4.58919898668925, 4.588595330715179], [4.589204490184784, 4.588592529296875], [4.589210132757823, 4.588589906692505], [4.589215954144795, 4.5885873436927795], [4.589222192764282, 4.588584820429484], [4.589228709538777, 4.588582456111908], [4.589235762755076, 4.588579932848613], [4.589243332544963, 4.588577588399251], [4.589251597722371, 4.588575263818105]], "hv": 0.0}, "epoch_9": {"scores": [[4.589766621589661, 4.590368946393331], [4.589773118495941, 4.590335488319397], [4.589780310789744, 4.590305169423421], [4.58978796005249, 4.5902771552403765], [4.58979590733846, 4.590251167615254], [4.589804271856944, 4.590226868788402], [4.589813033739726, 4.590203762054443], [4.58982237180074, 4.59018196662267], [4.5898322860399885, 4.590161323547363], [4.5898425579071045, 4.590141673882802], [4.589853286743164, 4.590122759342194], [4.589864452679952, 4.590104460716248], [4.589876035849254, 4.590086738268535], [4.589888314406077, 4.59006941318512], [4.589901407559712, 4.590052485466003], [4.589915196100871, 4.590035796165466], [4.589930077393849, 4.590019345283508], [4.589945832888286, 4.590003073215485], [4.589963018894196, 4.589986900488536], [4.589981695016225, 4.589970866839091], [4.5900018612543745, 4.589954713980357], [4.59002427260081, 4.589938481648763], [4.590048968791962, 4.58992213010788], [4.590076486269633, 4.589905818303426], [4.59010648727417, 4.589889446894328]], "hv": 0.0}, "epoch_14": {"scores": [[4.589653035004933, 4.59040367603302], [4.589665512243907, 4.590348958969116], [4.589679340521495, 4.590299606323242], [4.589694162209828, 4.590254584948222], [4.58970985809962, 4.590213259061177], [4.589726726214091, 4.590175112088521], [4.589744687080383, 4.590139746665955], [4.589763383070628, 4.590106467405955], [4.589783390363057, 4.590075075626373], [4.5898043513298035, 4.590045193831126], [4.58982640504837, 4.590016802151998], [4.589849511782329, 4.589989801247914], [4.589873929818471, 4.589963912963867], [4.589899996916453, 4.589938918749492], [4.589927355448405, 4.589914898077647], [4.589956800142924, 4.589891672134399], [4.58998825152715, 4.589869141578674], [4.590022265911102, 4.589847366015117], [4.590058823426564, 4.589826087156932], [4.590099056561788, 4.589805483818054], [4.590143024921417, 4.589785516262054], [4.590192079544067, 4.589766303698222], [4.590247094631195, 4.5897477467854815], [4.590308169523875, 4.5897302230199175], [4.5903762976328535, 4.589714248975118]], "hv": 0.0}, "epoch_19": {"scores": [[4.589786092440288, 4.590490599473317], [4.589809616406758, 4.590427001317342], [4.58983447154363, 4.590370098749797], [4.589860399564107, 4.5903186202049255], [4.589887539545695, 4.5902713139851885], [4.589915871620178, 4.590227703253428], [4.589945316314697, 4.590187311172485], [4.5899755756060285, 4.590149462223053], [4.590006788571675, 4.590113778909047], [4.590039034684499, 4.590080300966899], [4.590072572231293, 4.590048452218373], [4.590107639630635, 4.590018014113109], [4.590144435564677, 4.589988668759664], [4.5901831189791364, 4.589960555235545], [4.590223769346873, 4.5899335741996765], [4.590266903241475, 4.589907805124919], [4.590312937895457, 4.589882751305898], [4.590362151463826, 4.589858770370483], [4.5904151399930315, 4.589835564295451], [4.590472459793091, 4.58981317281723], [4.590535541375478, 4.589791933695476], [4.590605715910594, 4.58977210521698], [4.590683837731679, 4.589753270149231], [4.590770483016968, 4.589736382166545], [4.590867042541504, 4.5897216796875]], "hv": 0.0}, "epoch_24": {"scores": [[4.586360315481822, 4.5875868399937945], [4.586377799510956, 4.587506512800853], [4.586397707462311, 4.587434709072113], [4.586419463157654, 4.587369600931804], [4.586443106333415, 4.5873101353645325], [4.586467842260997, 4.587255636850993], [4.586494127909343, 4.587204893430074], [4.5865214467048645, 4.587157388528188], [4.586550255616506, 4.587112744649251], [4.5865804354349775, 4.587070266405742], [4.586612323919932, 4.587029834588368], [4.586646020412445, 4.5869912306467695], [4.586681524912517, 4.586954236030579], [4.586719254652659, 4.586918254693349], [4.586759368578593, 4.586883544921875], [4.5868022839228315, 4.586849808692932], [4.586848060290019, 4.586816787719727], [4.586897691090901, 4.586784402529399], [4.586951494216919, 4.586752891540527], [4.587010284264882, 4.586722195148468], [4.587074895699819, 4.5866923332214355], [4.587146520614624, 4.586663325627645], [4.587226728598277, 4.586635212103526], [4.587318142255147, 4.586608390013377], [4.587422172228496, 4.586583753426869]], "hv": 0.0}, "epoch_29": {"scores": [[4.587884147961934, 4.589186469713847], [4.587900340557098, 4.589098314444224], [4.587919453779857, 4.589019298553467], [4.587941030661265, 4.5889477133750916], [4.5879641969998675, 4.588882764180501], [4.587988992532094, 4.588823159535726], [4.588015099366506, 4.588767806688945], [4.588042577107747, 4.588716228802999], [4.588071366151174, 4.588667392730713], [4.58810168504715, 4.588620940844218], [4.588133712609609, 4.58857665459315], [4.588167329629262, 4.588534255822499], [4.588202973206838, 4.588493287563324], [4.588240782419841, 4.588453551133473], [4.588281055291493, 4.588414788246155], [4.588324467341105, 4.588376859823863], [4.588371117909749, 4.588339467843373], [4.588421841462453, 4.588302572568257], [4.588476995627086, 4.588266213734944], [4.588537236054738, 4.588230113188426], [4.588603337605794, 4.588194489479065], [4.588676889737447, 4.5881596604983015], [4.588759124279022, 4.5881256858507795], [4.588852365811666, 4.588093201319377], [4.588959753513336, 4.588061889012654]], "hv": 0.0}, "epoch_34": {"scores": [[4.587936560312907, 4.5892069935798645], [4.587959905465444, 4.589112897713979], [4.58798627058665, 4.589029212792714], [4.5880148609479265, 4.588953932126363], [4.588045140107472, 4.588885505994161], [4.588077048460643, 4.588823278745015], [4.5881103078524275, 4.588765839735667], [4.588144838809967, 4.588712513446808], [4.588180840015411, 4.58866274356842], [4.588218589623769, 4.588616033395131], [4.58825820684433, 4.588571866353353], [4.588299612204234, 4.588529805342357], [4.58834308385849, 4.588489671548207], [4.588389178117116, 4.588450829188029], [4.588438312212626, 4.588413258393605], [4.588490883509318, 4.588377098242442], [4.588547706604004, 4.588341534137726], [4.588609119256337, 4.588306883970897], [4.58867613474528, 4.588273227214813], [4.588749210039775, 4.588240385055542], [4.588829398155212, 4.588208953539531], [4.5889178315798445, 4.588178972403209], [4.589016596476237, 4.58815069993337], [4.589127639929454, 4.5881248116493225], [4.589255094528198, 4.588102042675018]], "hv": 0.0},