{"settings": {"seed": 1, "logdir": "results", "num_workers": 4, "n_test_rays": 25, "eval_every": 5, "train_eval_every": 5, "checkpoint_every": 10, "use_scheduler": false, "scheduler_gamma": 0.5, "scheduler_milestones": [15, 30, 45, 60, 75, 90], "num_starts": 5, "lr": 0.001, "batch_size": 256, "epochs": 50, "reference_point": [0, 0], "mtl": false, "tabular": true, "method": "ParetoMTL", "dataset": "mslr", "dim": [131], "arch": [32], "lamda": 1.0, "alpha": 1.0, "k_ndcg": 10}, "num_parameters": 4257, "start_0": {"epoch_4": {"scores": [[4.589693148930867, 4.587145706017812]], "hv": 0.0, "train_ray": [0.9950041770935059, 0.0998334139585495]}, "epoch_9": {"scores": [[4.589327971140544, 4.586633900801341]], "hv": 0.0, "train_ray": [0.9950041770935059, 0.0998334139585495]}, "epoch_14": {"scores": [[4.58897332350413, 4.586176156997681]], "hv": 0.0, "train_ray": [0.9950041770935059, 0.0998334139585495]}, "epoch_19": {"scores": [[4.591901799043019, 4.5888193647066755]], "hv": 0.0, "train_ray": [0.9950041770935059, 0.0998334139585495]}, "epoch_24": {"scores": [[4.591754615306854, 4.5886567036310835]], "hv": 0.0, "train_ray": [0.9950041770935059, 0.0998334139585495]}, "epoch_29": {"scores": [[4.589787264664968, 4.586603244145711]], "hv": 0.0, "train_ray": [0.9950041770935059, 0.0998334139585495]}, "epoch_34": {"scores": [[4.59062244494756, 4.587310314178467]], "hv": 0.0, "train_ray": [0.9950041770935059, 0.0998334139585495]}, "epoch_39": {"scores": [[4.5907884041468305, 4.587609688440959]], "hv": 0.0, "train_ray": [0.9950041770935059, 0.0998334139585495]}, "epoch_44": {"scores": [[4.59222553173701, 4.58887392282486]], "hv": 0.0, "train_ray": [0.9950041770935059, 0.0998334139585495]}, "epoch_49": {"scores": [[4.588928937911987, 4.585452020168304]], "hv": 0.0, "train_ray": [0.9950041770935059, 0.0998334139585495]}}, "start_1": {"epoch_4": {"scores": [[4.591543734073639, 4.589060624440511]], "hv": 0.0, "train_ray": [0.9035987257957458, 0.42837992310523987]}, "epoch_9": {"scores": [[4.591162323951721, 4.588468253612518]], "hv": 0.0, "train_ray": [0.9035987257957458, 0.42837992310523987]}, "epoch_14": {"scores": [[4.590477029482524, 4.587519903977712]], "hv": 0.0, "train_ray": [0.9035987257957458, 0.42837992310523987]}, "epoch_19": {"scores": [[4.5906780163447065, 4.58742078145345]], "hv": 0.0, "train_ray": [0.9035987257957458, 0.42837992310523987]}, "epoch_24": {"scores": [[4.592757006486257, 4.58950012922287]], "hv": 0.0, "train_ray": [0.9035987257957458, 0.42837992310523987]}, "epoch_29": {"scores": [[4.591750204563141, 4.588428378105164]], "hv": 0.0, "train_ray": [0.9035987257957458, 0.42837992310523987]}, "epoch_34": {"scores": [[4.591125249862671, 4.587891360123952]], "hv": 0.0, "train_ray": [0.9035987257957458, 0.42837992310523987]}, "epoch_39": {"scores": [[4.591137369473775, 4.587576727072398]], "hv": 0.0, "train_ray": [0.9035987257957458, 0.42837992310523987]}, "epoch_44": {"scores": [[4.592993398507436, 4.58932501077652]], "hv": 0.0, "train_ray": [0.9035987257957458, 0.42837992310523987]}, "epoch_49": {"scores": [[4.591301083564758, 4.587581117947896]], "hv": 0.0, "train_ray": [0.9035987257957458, 0.42837992310523987]}}, "start_2": {"epoch_4": {"scores": [[4.587832510471344, 4.585992594559987]], "hv": 0.0, "train_ray": [0.7071067690849304, 0.7071067690849304]}, "epoch_9": {"scores": [[4.589094877243042, 4.587169071038564]], "hv": 0.0, "train_ray": [0.7071067690849304, 0.7071067690849304]}, "epoch_14": {"scores": [[4.589292605717977, 4.587230384349823]], "hv": 0.0, "train_ray": [0.7071067690849304, 0.7071067690849304]}, "epoch_19": {"scores": [[4.5917656024297075, 4.589239279429118]], "hv": 0.0, "train_ray": [0.7071067690849304, 0.7071067690849304]}, "epoch_24": {"scores": [[4.588617165883382, 4.586394349733989]], "hv": 0.0, "train_ray": [0.7071067690849304, 0.7071067690849304]}, "epoch_29": {"scores": [[4.589688618977864, 4.587291081746419]], "hv": 0.0, "train_ray": [0.7071067690849304, 0.7071067690849304]}, "epoch_34": {"scores": [[4.591098666191101, 4.5886505246162415]], "hv": 0.0, "train_ray": [0.7071067690849304, 0.7071067690849304]}, "epoch_39": {"scores": [[4.591989537080129, 4.589499533176422]], "hv": 0.0, "train_ray": [0.7071067690849304, 0.7071067690849304]}, "epoch_44": {"scores": [[4.591862082481384, 4.589106023311615]], "hv": 0.0, "train_ray": [0.7071067690849304, 0.7071067690849304]}, "epoch_49": {"scores": [[4.589201708634694, 4.5865815083185835]], "hv": 0.0, "train_ray": [0.7071067690849304, 0.7071067690849304]}}, "start_3": {"epoch_4": {"scores": [[4.5905314683914185, 4.589452683925629]], "hv": 0.0, "train_ray": [0.42837992310523987, 0.9035987257957458]}, "epoch_9": {"scores": [[4.590791662534078, 4.590157965819041]], "hv": 0.0, "train_ray": [0.42837992310523987, 0.9035987257957458]}, "epoch_14": {"scores": [[4.590590079625447, 4.5893205006917315]], "hv": 0.0, "train_ray": [0.42837992310523987, 0.9035987257957458]}, "epoch_19": {"scores": [[4.587003648281097, 4.5858407616615295]], "hv": 0.0, "train_ray": [0.42837992310523987, 0.9035987257957458]}, "epoch_24": {"scores": [[4.590547223885854, 4.589571833610535]], "hv": 0.0, "train_ray": [0.42837992310523987, 0.9035987257957458]}, "epoch_29": {"scores": [[4.58521435658137, 4.584155817826589]], "hv": 0.0, "train_ray": [0.42837992310523987, 0.9035987257957458]}, "epoch_34": {"scores": [[4.590384383996327, 4.589007079601288]], "hv": 0.0, "train_ray": [0.42837992310523987, 0.9035987257957458]}, "epoch_39": {"scores": [[4.588407297929128, 4.586994886398315]], "hv": 0.0, "train_ray": [0.42837992310523987, 0.9035987257957458]}, "epoch_44": {"scores": [[4.588169157505035, 4.586633662382762]], "hv": 0.0, "train_ray": [0.42837992310523987, 0.9035987257957458]}, "epoch_49": {"scores": [[4.593335489432017, 4.591854015986125]], "hv": 0.0, "train_ray": [0.42837992310523987, 0.9035987257957458]}}, "start_4": {"epoch_4": {"scores": [[4.590076128641765, 4.589599251747131]], "hv": 0.0, "train_ray": [0.0998334139585495, 0.9950041770935059]}, "epoch_9": {"scores": [[4.589359998703003, 4.588297963142395]], "hv": 0.0, "train_ray": [0.0998334139585495, 0.9950041770935059]}, "epoch_14": {"scores": [[4.589453339576721, 4.588386754194896]], "hv": 0.0, "train_ray": [0.0998334139585495, 0.9950041770935059]}, "epoch_19": {"scores": [[4.5919735232989, 4.590732415517171]], "hv": 0.0, "train_ray": [0.0998334139585495, 0.9950041770935059]}, "epoch_24": {"scores": [[4.588096857070923, 4.58701475461324]], "hv": 0.0, "train_ray": [0.0998334139585495, 0.9950041770935059]}, "epoch_29": {"scores": [[4.589009205500285, 4.587872366110484]], "hv": 0.0, "train_ray": [0.0998334139585495, 0.9950041770935059]}, "epoch_34": {"scores": [[4.589006582895915, 4.587656040986379]], "hv": 0.0, "train_ray": [0.0998334139585495, 0.9950041770935059]}, "epoch_39": {"scores": [[4.591132283210754, 4.589821179707845]], "hv": 0.0, "train_ray": [0.0998334139585495, 0.9950041770935059]}, "epoch_44": {"scores": [[4.58841198682785, 4.587076822916667]], "hv": 0.0, "train_ray": [0.0998334139585495, 0.9950041770935059]}, "epoch_49": {"scores": [[4.588157474994659, 4.586962163448334]], "hv": 0.0, "train_ray": [0.0998334139585495, 0.9950041770935059]}}}