{"settings": {"seed": 1, "logdir": "results", "num_workers": 4, "n_test_rays": 15, "eval_every": 5, "train_eval_every": 5, "checkpoint_every": 0, "use_scheduler": false, "scheduler_gamma": 0.1, "scheduler_milestones": [20, 40, 80, 90], "num_starts": 1, "lr": 0.001, "batch_size": 512, "epochs": 50, "reference_point": [0, 0], "mtl": false, "tabular": true, "explicit": false, "clip": null, "method": "particle", "n_particles": 15, "normalization_type": "loss+", "alpha2": 500.0, "beta": 1e-05, "G_type": "gaussian", "gamma": 0, "M": 10.0, "width": 0.001, "dataset": "mslr", "dim": [131], "arch": [32], "lamda": 1.0, "alpha": 1.0, "k_ndcg": 10}, "num_parameters": 63855, "start_0": {"epoch_4": {"scores": [[4.588260491689046, 4.588383714358012], [4.588437954584758, 4.588364561398824], [4.588245868682861, 4.588341077168782], [4.5879693031311035, 4.588424364725749], [4.588143666585286, 4.588238914807637], [4.588316281636556, 4.587986350059509], [4.588011821111043, 4.589070121447246], [4.588098684946696, 4.589600721995036], [4.588327209154765, 4.588359951972961], [4.588249643643697, 4.588631470998128], [4.588625868161519, 4.5881431102752686], [4.588217218716939, 4.588366508483887], [4.588022788365682, 4.588382641474406], [4.588081121444702, 4.58905827999115], [4.5882030328114825, 4.588487982749939]], "hv": 0.0, "max_epoch_so_far": 4, "max_volume_so_far": 0.0, "training_time_so_far": 20.485368013381958}, "epoch_9": {"scores": [[4.5884636243184405, 4.588437557220459], [4.5887131690979, 4.588263154029846], [4.588482697804769, 4.588334480921428], [4.588451067606608, 4.588363130887349], [4.588289777437846, 4.588492393493652], [4.5881050030390425, 4.588730692863464], [4.588312029838562, 4.588778058687846], [4.588305155436198, 4.589158336321513], [4.588758627573649, 4.588205099105835], [4.588535904884338, 4.5886004368464155], [4.588621060053508, 4.588260849316915], [4.58827543258667, 4.588876366615295], [4.588872114817302, 4.588143388430278], [4.588446060816447, 4.588613033294678], [4.588724176088969, 4.588269074757894]], "hv": 0.0, "max_epoch_so_far": 4, "max_volume_so_far": 0.0, "training_time_so_far": 37.41950750350952}, "epoch_14": {"scores": [[4.590318322181702, 4.5898191928863525], [4.590206980705261, 4.5898286898930865], [4.589977780977885, 4.590120871861775], [4.5898399750391645, 4.590152541796367], [4.589908838272095, 4.5901501178741455], [4.589833935101827, 4.59022303422292], [4.590228796005249, 4.5900046825408936], [4.58986508846283, 4.590648770332336], [4.590525507926941, 4.589746753374736], [4.590164581934611, 4.590183695157369], [4.590320467948914, 4.5900107224782305], [4.58991797765096, 4.590471982955933], [4.590343276659648, 4.589702765146892], [4.590058962504069, 4.590240875879924], [4.590245842933655, 4.590052127838135]], "hv": 0.0, "max_epoch_so_far": 4, "max_volume_so_far": 0.0, "training_time_so_far": 54.207812786102295}, "epoch_19": {"scores": [[4.5889274676640825, 4.589177091916402], [4.589152852694194, 4.588827013969421], [4.5890238682429, 4.58910608291626], [4.588761369387309, 4.589126825332642], [4.589125037193298, 4.588868498802185], [4.588789025942485, 4.58917514483134], [4.589302062988281, 4.588889241218567], [4.5888757308324175, 4.589446504910787], [4.589251081148784, 4.588900049527486], [4.589321533838908, 4.588981191317241], [4.588999509811401, 4.589194059371948], [4.589486877123515, 4.588727990786235], [4.588906129201253, 4.589032530784607], [4.588974078496297, 4.5892958243687945], [4.589230537414551, 4.588906606038411]], "hv": 0.0, "max_epoch_so_far": 4, "max_volume_so_far": 0.0, "training_time_so_far": 71.22693538665771}, "epoch_24": {"scores": [[4.589398384094238, 4.589665412902832], [4.589504877726237, 4.589233040809631], [4.589424133300781, 4.589404384295146], [4.5897312959035235, 4.589000384012858], [4.589203039805095, 4.5894622802734375], [4.589111129442851, 4.589627901713054], [4.589288433392842, 4.589893738428752], [4.589284896850586, 4.589748382568359], [4.589458425839742, 4.589394370714824], [4.58985169728597, 4.589225729306539], [4.589512745539348, 4.589324911435445], [4.589743773142497, 4.589143514633179], [4.589200337727864, 4.589619119962056], [4.589753707249959, 4.5892534255981445], [4.589952031771342, 4.589189052581787]], "hv": 0.0, "max_epoch_so_far": 4, "max_volume_so_far": 0.0, "training_time_so_far": 87.96006393432617}, "epoch_29": {"scores": [[4.588073650995891, 4.5883307456970215], [4.588152368863423, 4.5880491733551025], [4.588531057039897, 4.5879976352055865], [4.587949673334758, 4.588240623474121], [4.58817998568217, 4.588062922159831], [4.588137070337932, 4.5879807869593305], [4.588032444318135, 4.5885716279347735], [4.588261405626933, 4.588222026824951], [4.588398456573486, 4.587900837262471], [4.588403542836507, 4.588053822517395], [4.58795980612437, 4.588265577952067], [4.58801805973053, 4.588319142659505], [4.588232755661011, 4.587991237640381], [4.588579893112183, 4.587916533152263], [4.587886015574138, 4.588431358337402]], "hv": 0.0, "max_epoch_so_far": 4, "max_volume_so_far": 0.0, "training_time_so_far": 105.09536337852478}, "epoch_34": {"scores": [[4.58782680829366, 4.587425192197164], [4.587398171424866, 4.5878753662109375], [4.587502280871074, 4.587756911913554], [4.587318301200867, 4.587878863016765], [4.5875857671101885, 4.587471048037211], [4.587495446205139, 4.587392330169678], [4.588013251622518, 4.587393840154012], [4.587714433670044, 4.587670524915059], [4.587321400642395, 4.588112672170003], [4.587711215019226, 4.587639768918355], [4.587784727414449, 4.587421536445618], [4.587457497914632, 4.587706605593364], [4.587787588437398, 4.587371110916138], [4.588060021400452, 4.587344328562419], [4.587534825007121, 4.587554097175598]], "hv": 0.0, "max_epoch_so_far": 4, "max_volume_so_far": 0.0, "training_time_so_far": 121.74962663650513}, "epoch_39": {"scores": [[4.5873531103134155, 4.587749322255452], [4.587600787480672, 4.587340752283732], [4.587860266367595, 4.587170918782552], [4.587820331255595, 4.5871803760528564], [4.587137500445048, 4.587737639745076], [4.58724049727122, 4.58754563331604], [4.5878433386484785, 4.5873057047526045], [4.587459127108256, 4.58777379989624], [4.587422013282776, 4.587514559427897], [4.587827603022258, 4.587414423624675], [4.587241450945537, 4.587837338447571], [4.587469816207886, 4.587557156880696], [4.58760662873586, 4.587334752082825], [4.587564905484517, 4.5877615213394165], [4.587418556213379, 4.587499260902405]], "hv": 0.0, "max_epoch_so_far": 4, "max_volume_so_far": 0.0, "training_time_so_far": 139.00535988807678}, "epoch_44": {"scores": [[4.58882204691569, 4.589094479878743], [4.588676929473877, 4.589381774266561], [4.589134494463603, 4.588735977808635], [4.5890489021937055, 4.588767210642497], [4.5885069370269775, 4.5893237590789795], [4.589224696159363, 4.588513096173604], [4.589291493097941, 4.5888307094573975], [4.589382529258728, 4.588799556096395], [4.589012821515401, 4.588833371798198], [4.588844537734985, 4.589223146438599], [4.588594436645508, 4.589243491490682], [4.5891644557317095, 4.588833173116048], [4.588912049929301, 4.588882048924764], [4.589118957519531, 4.588891625404358], [4.58885916074117, 4.588879307111104]], "hv": 0.0, "max_epoch_so_far": 4, "max_volume_so_far": 0.0, "training_time_so_far": 156.0962643623352}, "epoch_49": {"scores": [[4.589478810628255, 4.589787721633911], [4.589327931404114, 4.589744249979655], [4.589409748713176, 4.589777906735738], [4.589237332344055, 4.589845458666484], [4.589498202006022, 4.58938463528951], [4.589746912320455, 4.5892213980356855], [4.5897639989852905, 4.589468359947205], [4.589667717615764, 4.589638312657674], [4.589786450068156, 4.589261968930562], [4.589563409487407, 4.589642564455668], [4.589502255121867, 4.589560707410176], [4.5895804564158125, 4.589425802230835], [4.58958367506663, 4.589463671048482], [4.589617729187012, 4.589629610379537], [4.589147528012593, 4.589829921722412]], "hv": 0.0, "max_epoch_so_far": 4, "max_volume_so_far": 0.0, "training_time_so_far": 173.42648243904114}}}