{
    "num_parameters": 100,
    "settings": {
        "alpha": 1,
        "approximate_norm_solution": false,
        "arch": [
            128
        ],
        "batch_size": 256,
        "checkpoint_every": 0,
        "dataset": "fonseca",
        "dim": [
            0
        ],
        "epochs": 200,
        "eval_every": 20,
        "explicit": true,
        "lamda": 1,
        "logdir": "results",
        "lr": 0.0001,
        "method": "mgda",
        "mtl": true,
        "n_test_rays": 15,
        "normalization_type": "loss+",
        "num_starts": 1,
        "num_workers": 4,
        "param_dim": 100,
        "reference_point": [
            1.0,
            1.0
        ],
        "scheduler_gamma": 0.1,
        "scheduler_milestones": [
            20,
            40,
            80,
            90
        ],
        "seed": 1,
        "tabular": true,
        "train_eval_every": 20,
        "use_scheduler": false,
        "warm": 5
    },
    "start_0": {
        "epoch_119": {
            "hv": 0.1353353338232779,
            "max_epoch_so_far": 19,
            "max_volume_so_far": 0.1353353338232779,
            "scores": [
                [
                    0.6321204900741577,
                    0.6321204900741577
                ]
            ],
            "training_time_so_far": 12.186413288116455
        },
        "epoch_139": {
            "hv": 0.1353353338232779,
            "max_epoch_so_far": 19,
            "max_volume_so_far": 0.1353353338232779,
            "scores": [
                [
                    0.6321204900741577,
                    0.6321204900741577
                ]
            ],
            "training_time_so_far": 14.302067995071411
        },
        "epoch_159": {
            "hv": 0.1353353338232779,
            "max_epoch_so_far": 19,
            "max_volume_so_far": 0.1353353338232779,
            "scores": [
                [
                    0.6321204900741577,
                    0.6321204900741577
                ]
            ],
            "training_time_so_far": 16.38830542564392
        },
        "epoch_179": {
            "hv": 0.1353353338232779,
            "max_epoch_so_far": 19,
            "max_volume_so_far": 0.1353353338232779,
            "scores": [
                [
                    0.6321204900741577,
                    0.6321204900741577
                ]
            ],
            "training_time_so_far": 18.502909183502197
        },
        "epoch_19": {
            "hv": 0.1353353338232779,
            "max_epoch_so_far": 19,
            "max_volume_so_far": 0.1353353338232779,
            "scores": [
                [
                    0.6321204900741577,
                    0.6321204900741577
                ]
            ],
            "training_time_so_far": 1.9551236629486084
        },
        "epoch_199": {
            "hv": 0.1353353338232779,
            "max_epoch_so_far": 19,
            "max_volume_so_far": 0.1353353338232779,
            "scores": [
                [
                    0.6321204900741577,
                    0.6321204900741577
                ]
            ],
            "training_time_so_far": 20.66527009010315
        },
        "epoch_39": {
            "hv": 0.1353353338232779,
            "max_epoch_so_far": 19,
            "max_volume_so_far": 0.1353353338232779,
            "scores": [
                [
                    0.6321204900741577,
                    0.6321204900741577
                ]
            ],
            "training_time_so_far": 3.9477622509002686
        },
        "epoch_59": {
            "hv": 0.1353353338232779,
            "max_epoch_so_far": 19,
            "max_volume_so_far": 0.1353353338232779,
            "scores": [
                [
                    0.6321204900741577,
                    0.6321204900741577
                ]
            ],
            "training_time_so_far": 5.984767913818359
        },
        "epoch_79": {
            "hv": 0.1353353338232779,
            "max_epoch_so_far": 19,
            "max_volume_so_far": 0.1353353338232779,
            "scores": [
                [
                    0.6321204900741577,
                    0.6321204900741577
                ]
            ],
            "training_time_so_far": 8.022480010986328
        },
        "epoch_99": {
            "hv": 0.1353353338232779,
            "max_epoch_so_far": 19,
            "max_volume_so_far": 0.1353353338232779,
            "scores": [
                [
                    0.6321204900741577,
                    0.6321204900741577
                ]
            ],
            "training_time_so_far": 10.05762243270874
        }
    }
}