{"settings": {"seed": 1, "logdir": "results", "num_workers": 4, "n_test_rays": 15, "eval_every": 5, "train_eval_every": 5, "checkpoint_every": 0, "use_scheduler": true, "scheduler_gamma": 0.5, "scheduler_milestones": [15, 30, 45, 60, 75, 90], "num_starts": 1, "lr": 0.001, "batch_size": 256, "epochs": 100, "reference_point": [1.0, 1.0], "mtl": true, "tabular": false, "explicit": false, "method": "ParetoMTL", "dataset": "multi_mnist", "dim": [1, 36, 36], "lamda": 2, "alpha": 1.2}, "num_parameters": 42350, "start_0": {"epoch_4": {"scores": [[0.5393530725020368, 0.4462830492105529]], "hv": 0.2550680120846997, "max_epoch_so_far": 4, "max_volume_so_far": 0.2550680120846997, "training_time_so_far": 38.37158679962158, "train_ray": [0.9950041770935059, 0.0998334139585495]}, "epoch_9": {"scores": [[0.42765874779337393, 0.3475550734106963]], "hv": 0.3734211462799823, "max_epoch_so_far": 9, "max_volume_so_far": 0.3734211462799823, "training_time_so_far": 73.0326840877533, "train_ray": [0.9950041770935059, 0.0998334139585495]}}}