{"settings": {"seed": 1, "logdir": "results", "num_workers": 4, "n_test_rays": 15, "eval_every": 0, "train_eval_every": 10, "checkpoint_every": 0, "use_scheduler": false, "scheduler_gamma": 0.1, "scheduler_milestones": [20, 40, 80, 90], "num_starts": 1, "lr": 0.01, "batch_size": 256, "epochs": 400, "reference_point": [1.0, 1.0], "mtl": true, "tabular": true, "explicit": true, "clip": [0.0, 1.0], "method": "mgda", "approximate_norm_solution": false, "normalization_type": "loss+", "dataset": "ZDT3", "dim": [0], "arch": [128], "param_dim": 30, "lamda": 1, "alpha": 1, "warm": 5, "alpha2": 0.05, "beta": 0.001, "G_type": "gaussian", "gamma": 0.001, "M": 1.0, "width": 1.0, "initialization": "random"}, "num_parameters": 30, "start_0": {"epoch_9": {"scores": [[0.8545506596565247, 1.8416792154312134]], "hv": 0.0, "max_epoch_so_far": 9, "max_volume_so_far": 0.0, "training_time_so_far": 1.0816311836242676}, "epoch_19": {"scores": [[0.8590252995491028, 1.195797085762024]], "hv": 0.0, "max_epoch_so_far": 9, "max_volume_so_far": 0.0, "training_time_so_far": 2.1368508338928223}, "epoch_29": {"scores": [[0.8367897868156433, 0.7169673442840576]], "hv": 0.04619382007753359, "max_epoch_so_far": 29, "max_volume_so_far": 0.04619382007753359, "training_time_so_far": 3.2146124839782715}, "epoch_39": {"scores": [[0.8509348630905151, 0.26801636815071106]], "hv": 0.10911324029711622, "max_epoch_so_far": 39, "max_volume_so_far": 0.10911324029711622, "training_time_so_far": 4.2598631381988525}, "epoch_49": {"scores": [[0.8550469279289246, 0.09054442495107651]], "hv": 0.13182837951550797, "max_epoch_so_far": 49, "max_volume_so_far": 0.13182837951550797, "training_time_so_far": 5.3382251262664795}, "epoch_59": {"scores": [[0.8492093682289124, 0.02776910923421383]], "hv": 0.1466033102459402, "max_epoch_so_far": 59, "max_volume_so_far": 0.1466033102459402, "training_time_so_far": 6.423515796661377}, "epoch_69": {"scores": [[0.8400537371635437, 0.05161405727267265]], "hv": 0.1516907872658655, "max_epoch_so_far": 69, "max_volume_so_far": 0.1516907872658655, "training_time_so_far": 7.497841835021973}, "epoch_79": {"scores": [[0.8343793749809265, 0.08095119893550873]], "hv": 0.15221343685533117, "max_epoch_so_far": 79, "max_volume_so_far": 0.15221343685533117, "training_time_so_far": 8.591756582260132}, "epoch_89": {"scores": [[0.8339284658432007, 0.04034781828522682]], "hv": 0.15937091007429194, "max_epoch_so_far": 89, "max_volume_so_far": 0.15937091007429194, "training_time_so_far": 9.685427188873291}, "epoch_99": {"scores": [[0.8313460350036621, 0.042590849101543427]], "hv": 0.16147084942280188, "max_epoch_so_far": 99, "max_volume_so_far": 0.16147084942280188, "training_time_so_far": 10.763325452804565}, "epoch_109": {"scores": [[0.8290285468101501, 0.04854445904493332]], "hv": 0.16267173648262245, "max_epoch_so_far": 109, "max_volume_so_far": 0.16267173648262245, "training_time_so_far": 11.843337297439575}, "epoch_119": {"scores": [[0.8277958631515503, 0.0368388406932354]], "hv": 0.16586033608437356, "max_epoch_so_far": 119, "max_volume_so_far": 0.16586033608437356, "training_time_so_far": 12.934999227523804}, "epoch_129": {"scores": [[0.825844407081604, 0.04192029684782028]], "hv": 0.1668549387655487, "max_epoch_so_far": 129, "max_volume_so_far": 0.1668549387655487, "training_time_so_far": 14.056059122085571}, "epoch_139": {"scores": [[0.8245208859443665, 0.037013519555330276]], "hv": 0.16898401443598332, "max_epoch_so_far": 139, "max_volume_so_far": 0.16898401443598332, "training_time_so_far": 15.167149305343628}, "epoch_149": {"scores": [[0.8230510950088501, 0.03760283440351486]], "hv": 0.1702951246188844, "max_epoch_so_far": 149, "max_volume_so_far": 0.1702951246188844, "training_time_so_far": 16.28841543197632}, "epoch_159": {"scores": [[0.8217515349388123, 0.03565138205885887]], "hv": 0.17189366093188618, "max_epoch_so_far": 159, "max_volume_so_far": 0.17189366093188618, "training_time_so_far": 17.41985535621643}, "epoch_169": {"scores": [[0.8205862045288086, 0.03557191789150238]], "hv": 0.17303170267008738, "max_epoch_so_far": 169, "max_volume_so_far": 0.17303170267008738, "training_time_so_far": 18.53058910369873}, "epoch_179": {"scores": [[0.819472074508667, 0.03503726050257683]], "hv": 0.1742027215379034, "max_epoch_so_far": 179, "max_volume_so_far": 0.1742027215379034, "training_time_so_far": 19.672560930252075}, "epoch_189": {"scores": [[0.8184065818786621, 0.033883824944496155]], "hv": 0.17544033853064178, "max_epoch_so_far": 189, "max_volume_so_far": 0.17544033853064178, "training_time_so_far": 20.810104608535767}, "epoch_199": {"scores": [[0.8173162341117859, 0.033800918608903885]], "hv": 0.17650888678625853, "max_epoch_so_far": 199, "max_volume_so_far": 0.17650888678625853, "training_time_so_far": 21.912455558776855}, "epoch_209": {"scores": [[0.8163180947303772, 0.034028586000204086]], "hv": 0.1774314697594741, "max_epoch_so_far": 209, "max_volume_so_far": 0.1774314697594741, "training_time_so_far": 23.048243045806885}, "epoch_219": {"scores": [[0.8154743909835815, 0.032826539129018784]], "hv": 0.17846827189173498, "max_epoch_so_far": 219, "max_volume_so_far": 0.17846827189173498, "training_time_so_far": 24.159324884414673}, "epoch_229": {"scores": [[0.8146020174026489, 0.03253097087144852]], "hv": 0.17936680622585133, "max_epoch_so_far": 229, "max_volume_so_far": 0.17936680622585133, "training_time_so_far": 25.262515783309937}, "epoch_239": {"scores": [[0.8137283325195312, 0.03245875611901283]], "hv": 0.18022552085383836, "max_epoch_so_far": 239, "max_volume_so_far": 0.18022552085383836, "training_time_so_far": 26.37016463279724}, "epoch_249": {"scores": [[0.8128759264945984, 0.03203181177377701]], "hv": 0.18113015040453417, "max_epoch_so_far": 249, "max_volume_so_far": 0.18113015040453417, "training_time_so_far": 27.465487957000732}, "epoch_259": {"scores": [[0.8120256662368774, 0.03172338753938675]], "hv": 0.182011151125697, "max_epoch_so_far": 259, "max_volume_so_far": 0.182011151125697, "training_time_so_far": 28.579918146133423}, "epoch_269": {"scores": [[0.8111823797225952, 0.03199998289346695]], "hv": 0.1827754596585427, "max_epoch_so_far": 269, "max_volume_so_far": 0.1827754596585427, "training_time_so_far": 29.67436718940735}, "epoch_279": {"scores": [[0.8104404807090759, 0.03133830428123474]], "hv": 0.1836190453959805, "max_epoch_so_far": 279, "max_volume_so_far": 0.1836190453959805, "training_time_so_far": 30.785917282104492}, "epoch_289": {"scores": [[0.809748113155365, 0.031143149361014366]], "hv": 0.18432684391641774, "max_epoch_so_far": 289, "max_volume_so_far": 0.18432684391641774, "training_time_so_far": 31.896400928497314}, "epoch_299": {"scores": [[0.8090590834617615, 0.031410105526447296]], "hv": 0.1849434422004559, "max_epoch_so_far": 299, "max_volume_so_far": 0.1849434422004559, "training_time_so_far": 33.03222608566284}, "epoch_309": {"scores": [[0.8084067702293396, 0.03165796026587486]], "hv": 0.1855277789153702, "max_epoch_so_far": 309, "max_volume_so_far": 0.1855277789153702, "training_time_so_far": 34.2078640460968}, "epoch_319": {"scores": [[0.8078337907791138, 0.031146133318543434]], "hv": 0.1861809748491734, "max_epoch_so_far": 319, "max_volume_so_far": 0.1861809748491734, "training_time_so_far": 35.382625102996826}, "epoch_329": {"scores": [[0.807253360748291, 0.030849074944853783]], "hv": 0.18680058373206432, "max_epoch_so_far": 329, "max_volume_so_far": 0.18680058373206432, "training_time_so_far": 36.536168813705444}, "epoch_339": {"scores": [[0.8066628575325012, 0.0308366809040308]], "hv": 0.18737526669833138, "max_epoch_so_far": 339, "max_volume_so_far": 0.18737526669833138, "training_time_so_far": 37.634745597839355}, "epoch_349": {"scores": [[0.8060722351074219, 0.03085719607770443]], "hv": 0.18794369782637688, "max_epoch_so_far": 349, "max_volume_so_far": 0.18794369782637688, "training_time_so_far": 38.733227014541626}, "epoch_359": {"scores": [[0.805573046207428, 0.030652672052383423]], "hv": 0.1884672481398244,