{
    "num_parameters": 13284,
    "settings": {
        "alpha": 1,
        "arch": [
            128
        ],
        "batch_size": 256,
        "checkpoint_every": 0,
        "dataset": "fonseca",
        "dim": [
            0
        ],
        "epochs": 100,
        "eval_every": 20,
        "explicit": true,
        "lamda": 1,
        "logdir": "results",
        "lr": 0.001,
        "method": "cosmos",
        "mtl": true,
        "n_test_rays": 15,
        "num_starts": 1,
        "num_workers": 4,
        "param_dim": 100,
        "reference_point": [
            1.0,
            1.0
        ],
        "scheduler_gamma": 0.1,
        "scheduler_milestones": [
            20,
            40,
            80,
            90
        ],
        "seed": 1,
        "tabular": true,
        "train_eval_every": 20,
        "use_scheduler": false
    },
    "start_0": {
        "epoch_19": {
            "hv": 0.07213921428279946,
            "max_epoch_so_far": 19,
            "max_volume_so_far": 0.07213921428279946,
            "scores": [
                [
                    0.577185332775116,
                    0.9335600137710571
                ],
                [
                    0.5289819240570068,
                    0.9233294725418091
                ],
                [
                    0.4904785752296448,
                    0.9144941568374634
                ],
                [
                    0.4515693187713623,
                    0.9078666567802429
                ],
                [
                    0.4208108186721802,
                    0.902797281742096
                ],
                [
                    0.3971436023712158,
                    0.8990998268127441
                ],
                [
                    0.37661170959472656,
                    0.8965420722961426
                ],
                [
                    0.3593047857284546,
                    0.8938019871711731
                ],
                [
                    0.34702855348587036,
                    0.8924753069877625
                ],
                [
                    0.3402571678161621,
                    0.8912035822868347
                ],
                [
                    0.3369293212890625,
                    0.8913539052009583
                ],
                [
                    0.3389706015586853,
                    0.893241286277771
                ],
                [
                    0.3498552441596985,
                    0.8977089524269104
                ],
                [
                    0.3722771406173706,
                    0.903558611869812
                ],
                [
                    0.40640658140182495,
                    0.9127436280250549
                ]
            ],
            "training_time_so_far": 2.5474259853363037
        },
        "epoch_39": {
            "hv": 0.21226348483451574,
            "max_epoch_so_far": 39,
            "max_volume_so_far": 0.21226348483451574,
            "scores": [
                [
                    0.8431704044342041,
                    0.36123210191726685
                ],
                [
                    0.8255014419555664,
                    0.3857234716415405
                ],
                [
                    0.8107386827468872,
                    0.4141119122505188
                ],
                [
                    0.7943040132522583,
                    0.4445348381996155
                ],
                [
                    0.7786740064620972,
                    0.4747545123100281
                ],
                [
                    0.7641311287879944,
                    0.5043128728866577
                ],
                [
                    0.7494399547576904,
                    0.5335630178451538
                ],
                [
                    0.7341238856315613,
                    0.5580079555511475
                ],
                [
                    0.7175023555755615,
                    0.5813870429992676
                ],
                [
                    0.7002984881401062,
                    0.6001933813095093
                ],
                [
                    0.6812747716903687,
                    0.6199448108673096
                ],
                [
                    0.6582889556884766,
                    0.6409246325492859
                ],
                [
                    0.6309000253677368,
                    0.6660431623458862
                ],
                [
                    0.6049537658691406,
                    0.6903852224349976
                ],
                [
                    0.5767948627471924,
                    0.7189676761627197
                ]
            ],
            "training_time_so_far": 4.907643795013428
        },
        "epoch_59": {
            "hv": 0.26542621333893024,
            "max_epoch_so_far": 59,
            "max_volume_so_far": 0.26542621333893024,
            "scores": [
                [
                    0.8596903681755066,
                    0.3399032950401306
                ],
                [
                    0.8323478698730469,
                    0.37678247690200806
                ],
                [
                    0.8062770366668701,
                    0.4175070524215698
                ],
                [
                    0.7765066623687744,
                    0.4626532196998596
                ],
                [
                    0.7468684315681458,
                    0.5060699582099915
                ],
                [
                    0.7179210186004639,
                    0.5463942289352417
                ],
                [
                    0.6883270740509033,
                    0.5852845311164856
                ],
                [
                    0.6571394205093384,
                    0.6219156980514526
                ],
                [
                    0.6238479018211365,
                    0.6570949554443359
                ],
                [
                    0.5910256505012512,
                    0.6866487860679626
                ],
                [
                    0.5550013184547424,
                    0.716732919216156
                ],
                [
                    0.5141997337341309,
                    0.7469500303268433
                ],
                [
                    0.4636238217353821,
                    0.778733491897583
                ],
                [
                    0.41186439990997314,
                    0.8074687719345093
                ],
                [
                    0.3544294834136963,
                    0.8369600176811218
                ]
            ],
            "training_time_so_far": 7.228949546813965
        },
        "epoch_79": {
            "hv": 0.2779536459943017,
            "max_epoch_so_far": 79,
            "max_volume_so_far": 0.2779536459943017,