{"settings": {"seed": 1, "logdir": "results", "num_workers": 4, "n_test_rays": 15, "eval_every": 5, "train_eval_every": 5, "checkpoint_every": 0, "use_scheduler": false, "scheduler_gamma": 0.1, "scheduler_milestones": [20, 40, 80, 90], "num_starts": 1, "lr": 0.001, "batch_size": 512, "epochs": 50, "reference_point": [0, 0], "mtl": false, "tabular": true, "explicit": false, "clip": null, "method": "particle", "n_particles": 15, "normalization_type": "loss+", "alpha2": 5000.0, "beta": 0.0001, "G_type": "gaussian", "gamma": 0, "M": 10.0, "width": 0.001, "dataset": "mslr", "dim": [131], "arch": [32], "lamda": 1.0, "alpha": 1.0, "k_ndcg": 10}, "num_parameters": 63855, "start_0": {"epoch_4": {"scores": [[4.588583151499431, 4.589690367380778], [4.588533679644267, 4.588927944501241], [4.588810682296753, 4.588579257329305], [4.588134566942851, 4.590284427007039], [4.5886463324228925, 4.588552554448445], [4.5882167021433515, 4.590056697527568], [4.588200926780701, 4.589728355407715], [4.588383158047994, 4.589839458465576], [4.58881413936615, 4.588792165120442], [4.588756084442139, 4.589075485865275], [4.588718255360921, 4.588852485020955], [4.588369329770406, 4.589206258455913], [4.588814377784729, 4.588819265365601], [4.588448564211528, 4.5893815358479815], [4.588582952817281, 4.5893034140268965]], "hv": 0.0, "max_epoch_so_far": 4, "max_volume_so_far": 0.0, "training_time_so_far": 20.625086545944214}, "epoch_9": {"scores": [[4.58859916528066, 4.58895746866862], [4.588384668032329, 4.589471658070882], [4.589202443758647, 4.588924328486125], [4.588698585828145, 4.589062690734863], [4.589128216107686, 4.588378310203552], [4.588374376296997, 4.5891826550165815], [4.588343183199565, 4.590162833531697], [4.588480869928996, 4.589907010396321], [4.588597019513448, 4.5891218185424805], [4.588731288909912, 4.589163700739543], [4.5887742439905805, 4.588884949684143], [4.588468472162883, 4.589165767033895], [4.589678168296814, 4.588619629542033], [4.589018901189168, 4.588789184888204], [4.589063008626302, 4.588725209236145]], "hv": 0.0, "max_epoch_so_far": 4, "max_volume_so_far": 0.0, "training_time_so_far": 37.62470269203186}, "epoch_14": {"scores": [[4.5901795625686646, 4.5907044013341265], [4.589933514595032, 4.591071764628093], [4.590207060178121, 4.590778390566508], [4.589865048726399, 4.59147294362386], [4.590775688489278, 4.589900732040405], [4.590302586555481, 4.59008252620697], [4.590741674105327, 4.590166091918945], [4.590122143427531, 4.591070254643758], [4.590132037798564, 4.591231783231099], [4.590388655662537, 4.590508778889974], [4.591005365053813, 4.589974919954936], [4.590187231699626, 4.590641697247823], [4.590417941411336, 4.590081691741943], [4.590757807095845, 4.590115984280904], [4.590322931607564, 4.590365767478943]], "hv": 0.0, "max_epoch_so_far": 4, "max_volume_so_far": 0.0, "training_time_so_far": 54.69231057167053}, "epoch_19": {"scores": [[4.5889328718185425, 4.5903966426849365], [4.589390516281128, 4.589244564374288], [4.589291095733643, 4.589453101158142], [4.589162190755208, 4.589302182197571], [4.589548468589783, 4.589001854260762], [4.588958382606506, 4.590673526128133], [4.589123845100403, 4.589764952659607], [4.589097738265991, 4.58994726339976], [4.589636564254761, 4.589076479276021], [4.589195092519124, 4.589646220207214], [4.589284340540568, 4.589144825935364], [4.5895440975824995, 4.589302500089009], [4.589985648790996, 4.588810523351033], [4.589653452237447, 4.589099804560344], [4.588953375816345, 4.589810331662496]], "hv": 0.0, "max_epoch_so_far": 4, "max_volume_so_far": 0.0, "training_time_so_far": 71.59329581260681}, "epoch_24": {"scores": [[4.58949073155721, 4.590000549952189], [4.589326580365499, 4.5901914437611895], [4.5902464389801025, 4.589759151140849], [4.589427828788757, 4.589812000592549], [4.58970042069753, 4.589521288871765], [4.589922746022542, 4.5895616213480634], [4.589638710021973, 4.589692393938701], [4.589308142662048, 4.590758562088013], [4.589903990427653, 4.589630921681722], [4.590432802836101, 4.589551091194153], [4.58928902943929, 4.590390245119731], [4.5907431443532305, 4.589181741078694], [4.5903903643290205, 4.5892018874486284], [4.590259830156962, 4.589402993520101], [4.589628140131633, 4.589980959892273]], "hv": 0.0, "max_epoch_so_far": 4, "max_volume_so_far": 0.0, "training_time_so_far": 88.31500911712646}, "epoch_29": {"scores": [[4.588141361872355, 4.5889326731363935], [4.588270386060079, 4.588524103164673], [4.588397065798442, 4.588592926661174], [4.588533202807109, 4.588310122489929], [4.588365872701009, 4.588339885075887], [4.58899712562561, 4.5881796677907305], [4.588547269503276, 4.588534712791443], [4.588146209716797, 4.589051206906636], [4.588334878285726, 4.588775038719177], [4.588862458864848, 4.58833905061086], [4.588743130366008, 4.588256200154622], [4.588921229044597, 4.588038921356201], [4.589221954345703, 4.588012615839641], [4.589250882466634, 4.587961554527283], [4.587910175323486, 4.589468677838643]], "hv": 0.0, "max_epoch_so_far": 4, "max_volume_so_far": 0.0, "training_time_so_far": 105.53123879432678}, "epoch_34": {"scores": [[4.5876084963480634, 4.58833913008372], [4.587611834208171, 4.588163495063782], [4.587896227836609, 4.587895790735881], [4.58869993686676, 4.587412118911743], [4.587737838427226, 4.587895194689433], [4.5882629950841265, 4.5874611139297485], [4.588345964749654, 4.587568879127502], [4.587508002916972, 4.5889904499053955], [4.588139295578003, 4.5877589384714765], [4.5877392292022705, 4.58846374352773], [4.587801059087117, 4.587826291720073], [4.588016748428345, 4.587928970654805], [4.589109857877095, 4.587386171023051], [4.58873716990153, 4.5876559019088745], [4.58811875184377, 4.587822516759236]], "hv": 0.0, "max_epoch_so_far": 4, "max_volume_so_far": 0.0, "training_time_so_far": 122.47701787948608}, "epoch_39": {"scores": [[4.588829080263774, 4.587362011273702], [4.588271617889404, 4.587555766105652], [4.587689717610677, 4.587921063105266], [4.587536533673604, 4.588109731674194], [4.587565978368123, 4.588006655375163], [4.587749361991882, 4.588035424550374], [4.5878264506657915, 4.587999939918518], [4.5876502593358355, 4.588196476300557], [4.587743163108826, 4.588042298952739], [4.588341633478801, 4.587491114934285], [4.58795706431071, 4.587511579195659], [4.5876719156901045, 4.5878307819366455], [4.5887105067571, 4.587368806203206], [4.587889393170674, 4.587809721628825], [4.587422211964925, 4.588636517524719]], "hv": 0.0, "max_epoch_so_far": 4, "max_volume_so_far": 0.0, "training_time_so_far": 139.46289801597595}, "epoch_44": {"scores": [[4.5892296234766645, 4.589274485905965], [4.5890852610270185, 4.589677453041077], [4.5900131066640215, 4.588773846626282], [4.588940699895223, 4.589398105939229], [4.5895942846934, 4.589183966318767], [4.588876565297444, 4.590160210927327], [4.5892229080200195, 4.589423060417175], [4.589344501495361, 4.589285691579183], [4.590017358462016, 4.588984688123067], [4.5896815458933515, 4.589104572931926], [4.589330275853475, 4.589068055152893], [4.589971542358398, 4.588817636171977], [4.589357097943624, 4.589280128479004], [4.589431087176005, 4.589307427406311], [4.588834524154663, 4.5897815227508545]], "hv": 0.0, "max_epoch_so_far": 4, "max_volume_so_far": 0.0, "training_time_so_far": 156.35134172439575}, "epoch_49": {"scores": [[4.589789072672526, 4.590147813161214], [4.589836478233337, 4.590033054351807], [4.589905460675557, 4.5899083614349365], [4.589565634727478, 4.59045930703481], [4.590070525805156, 4.589514970779419], [4.589859048525493, 4.589898467063904], [4.589694023132324, 4.590313990910848], [4.59050174554189, 4.589614510536194], [4.589945952097575, 4.589943329493205], [4.590746283531189, 4.589499553044637], [4.590553204218547, 4.589367071787517], [4.5898241599400835, 4.589817722638448], [4.589611967404683, 4.591170231501262], [4.589770674705505, 4.590201218922933], [4.590513030687968, 4.589446425437927]], "hv": 0.0, "max_epoch_so_far": 4, "max_volume_so_far": 0.0, "training_time_so_far": 173.68647074699402}}}